{
	"multiple_panel": {
		"split_ratio": 0.472697585978836,
		"split_panel0": {
			"panelTypes": ["viewer"],
			"currentPanelIndex": 0,
			"panel_data": {
				"camera": "/orthographicCamera1",
				"isViewerInitLayoutData": true,
				"linkIndex": 1,
				"overlayedNetwork": {
					"allowed": true,
					"displayed": true,
					"initLayoutData": {
						"camera": {
							"position": {
								"x": -183.71875,
								"y": 7.984375
							},
							"zoom": 1
						},
						"history": {
							"2": {
								"position": {
									"x": -71.625,
									"y": 229.109375
								},
								"zoom": 1
							},
							"83": {
								"position": {
									"x": -183.71875,
									"y": 7.984375
								},
								"zoom": 1
							},
							"383": {
								"position": {
									"x": -349.56347165066285,
									"y": 98.17839315653103
								},
								"zoom": 0.6561000000000005
							}
						},
						"paramsDisplayed": false,
						"linkIndex": 1
					}
				}
			}
		},
		"split_panel1": {
			"split_ratio": 0.6058015046296297,
			"split_panel0": {
				"panelTypes": ["network", "params", "viewer", "paramsStack"],
				"currentPanelIndex": 1,
				"panel_data": {
					"active_folder": 89,
					"linkIndex": 1
				}
			},
			"split_panel1": {
				"panelTypes": ["network"],
				"currentPanelIndex": 0,
				"panel_data": {
					"camera": {
						"position": {
							"x": 24.236741440877545,
							"y": -134.6046691413048
						},
						"zoom": 0.6272450347725967
					},
					"history": {
						"2": {
							"position": {
								"x": -235.79490427283554,
								"y": 144.31264574060717
							},
							"zoom": 0.7748409780000015
						},
						"83": {
							"position": {
								"x": 24.236741440877545,
								"y": -134.6046691413048
							},
							"zoom": 0.6272450347725967
						},
						"158": {
							"position": {
								"x": 274.21854185087494,
								"y": -311.7002817563219
							},
							"zoom": 0.7402737005972971
						},
						"233": {
							"position": {
								"x": -56.52659795388344,
								"y": -371.74312048365846
							},
							"zoom": 0.7402737005972971
						},
						"308": {
							"position": {
								"x": 41.39688130949622,
								"y": -197.4355572866978
							},
							"zoom": 1.0628820000000008
						},
						"383": {
							"position": {
								"x": -254.47964235644343,
								"y": 168.74408236644098
							},
							"zoom": 1.458000000000001
						},
						"506": {
							"position": {
								"x": -291.6833818761377,
								"y": -40.14329327455275
							},
							"zoom": 1.3122000000000074
						},
						"514": {
							"position": {
								"x": 598.5873060424141,
								"y": -507.81894308083025
							},
							"zoom": 0.41178226418929836
						},
						"516": {
							"position": {
								"x": -321.05319021328125,
								"y": -20.829354850532127
							},
							"zoom": 1.3122000000000074
						},
						"650": {
							"position": {
								"x": 715.7214438585279,
								"y": -81.61597266935316
							},
							"zoom": 0.6276211921800033
						},
						"970": {
							"position": {
								"x": 250,
								"y": -100
							},
							"zoom": 0.5996216974838109
						},
						"973": {
							"position": {
								"x": -391.99726083190546,
								"y": -365.86956917863404
							},
							"zoom": 0.8225263339969973
						},
						"1275": {
							"position": {
								"x": 0,
								"y": 0
							},
							"zoom": 0.7402737005972971
						},
						"1549": {
							"position": {
								"x": 157.28146394535634,
								"y": -230.13485134230132
							},
							"zoom": 1.062882000000002
						},
						"1762": {
							"position": {
								"x": -213.7494269071048,
								"y": -31.693134516112494
							},
							"zoom": 0.6276211921800015
						},
						"1875": {
							"position": {
								"x": -44.63848157690537,
								"y": 48.3394003709687
							},
							"zoom": 1.3122000000000031
						},
						"2087": {
							"position": {
								"x": -79.27189799964101,
								"y": -79.5804505531514
							},
							"zoom": 0.7748409780000032
						}
					},
					"paramsDisplayed": false,
					"linkIndex": 1
				}
			},
			"split_mode": "horizontal"
		},
		"split_mode": "horizontal"
	},
	"currentNodes": ["/eyes", "/", "/", "/", "/", "/", "/", "/"],
	"navigationHistory": {
		"nodePaths": {
			"1": [
				"/eyes/MAT",
				"/eyes/MAT/meshStandardBuilder1",
				"/eyes/MAT",
				"/eyes",
				"/eyes/actor1",
				"/eyes",
				"/",
				"/postProcessNetwork1",
				"/",
				"/postProcessNetwork1",
				"/",
				"/eyes",
				"/",
				"/postProcessNetwork1",
				"/",
				"/eyes",
				"/",
				"/postProcessNetwork1",
				"/",
				"/eyes"
			],
			"2": ["/"],
			"3": ["/"],
			"4": ["/"],
			"5": ["/"],
			"6": ["/"],
			"7": ["/"],
			"8": ["/"]
		},
		"index": {
			"1": 19,
			"2": 0,
			"3": 0,
			"4": 0,
			"5": 0,
			"6": 0,
			"7": 0,
			"8": 0
		}
	},
	"fullscreenPanelId": "multi-root:0",
	"saveOptions": {
		"checkRemoteAssetsUse": true,
		"minimizeFilesCount": false
	},
	"paramsModal": []
}
