{
	"nodes": {
		"orthographicCamera1": {
			"pos": [-200, -150]
		},
		"COP": {
			"pos": [-50, 50]
		},
		"eyes": {
			"pos": [100, -350],
			"selection": ["plane1"],
			"nodes": {
				"copy1": {
					"pos": [-150, 100]
				},
				"plane1": {
					"pos": [50, -150]
				},
				"transform1": {
					"pos": [-300, -100]
				},
				"material1": {
					"pos": [-150, 250]
				},
				"sphere1": {
					"pos": [-300, -300]
				},
				"attribId1": {
					"pos": [150, 50]
				},
				"actor1": {
					"pos": [-150, 400],
					"nodes": {
						"onTick1": {
							"pos": [-200, -50]
						},
						"plane1": {
							"pos": [-350, 200]
						},
						"rayFromCursor1": {
							"pos": [-350, 50]
						},
						"rayIntersectPlane1": {
							"pos": [-150, 100]
						},
						"setObjectLookAt1": {
							"pos": [400, -50]
						},
						"constant1": {
							"pos": [250, 250]
						},
						"add1": {
							"pos": [100, 100]
						},
						"constant2": {
							"pos": [-50, 350]
						},
						"onObjectHover1": {
							"pos": [-100, -250]
						}
					}
				},
				"MAT": {
					"pos": [-450, 250],
					"selection": ["meshStandardBuilder1"],
					"nodes": {
						"meshStandardBuilder1": {
							"pos": [-800, 250],
							"selection": ["param1"],
							"nodes": {
								"globals1": {
									"pos": [-1200, -50]
								},
								"output1": {
									"pos": [750, -100]
								},
								"vec2ToFloat1": {
									"pos": [-500, 0]
								},
								"fit1": {
									"pos": [-50, 50]
								},
								"floatToVec3_1": {
									"pos": [450, 50]
								},
								"ramp1": {
									"pos": [250, 50]
								},
								"ramp2": {
									"pos": [250, 150]
								},
								"ramp3": {
									"pos": [250, 400]
								},
								"sin1": {
									"pos": [-450, 100]
								},
								"multAdd1": {
									"pos": [-200, 150]
								},
								"multAdd2": {
									"pos": [-300, 0]
								},
								"multAdd3": {
									"pos": [-600, 100]
								},
								"multAdd4": {
									"pos": [-600, 250]
								},
								"multAdd5": {
									"pos": [-600, 400]
								},
								"sin2": {
									"pos": [-400, 250]
								},
								"sin3": {
									"pos": [-450, 400]
								},
								"fit2": {
									"pos": [0, 200]
								},
								"multAdd6": {
									"pos": [-200, 300]
								},
								"fit3": {
									"pos": [0, 400]
								},
								"multAdd7": {
									"pos": [-200, 500]
								},
								"null1": {
									"pos": [-900, 150]
								},
								"null2": {
									"pos": [-750, 0]
								},
								"instanceTransform1": {
									"pos": [350, -350]
								},
								"param1": {
									"pos": [-1150, -200]
								}
							}
						}
					}
				}
			}
		},
		"glass": {
			"pos": [100, -250],
			"selection": ["material1"],
			"nodes": {
				"box1": {
					"pos": [-300, 100]
				},
				"material1": {
					"pos": [-300, 200]
				},
				"MAT": {
					"pos": [-750, 100],
					"selection": ["meshPhysicalBuilder1"],
					"nodes": {
						"meshPhysicalBuilder1": {
							"pos": [-250, 100],
							"nodes": {
								"globals1": {
									"pos": [-550, -50]
								},
								"output1": {
									"pos": [550, -50]
								},
								"multAdd1": {
									"pos": [-50, 0]
								},
								"mod1": {
									"pos": [50, 0]
								},
								"ramp1": {
									"pos": [200, 0]
								},
								"vec2ToFloat1": {
									"pos": [-400, 0]
								},
								"fitFrom01_1": {
									"pos": [350, 0]
								},
								"mult1": {
									"pos": [-450, 200]
								},
								"noise1": {
									"pos": [-250, 150]
								},
								"fitTo01_1": {
									"pos": [-150, 150]
								},
								"mult2": {
									"pos": [-400, 100]
								},
								"floatToVec2_1": {
									"pos": [-350, 250]
								}
							}
						}
					}
				}
			}
		},
		"Text": {
			"pos": [100, -50],
			"selection": ["MAT"],
			"nodes": {
				"text1": {
					"pos": [-50, 150]
				},
				"transform1": {
					"pos": [-50, 300]
				},
				"material1": {
					"pos": [-50, 550]
				},
				"MAT": {
					"pos": [-250, 350],
					"nodes": {
						"meshStandard1": {
							"pos": [0, 0]
						}
					}
				}
			}
		},
		"bg": {
			"pos": [100, -450],
			"selection": ["material1"],
			"nodes": {
				"material1": {
					"pos": [0, 250]
				},
				"sphere1": {
					"pos": [0, 100]
				},
				"MAT": {
					"pos": [-200, 250],
					"selection": ["meshStandard1"],
					"nodes": {
						"meshStandard1": {
							"pos": [0, 0]
						}
					}
				}
			}
		},
		"postProcessNetwork1": {
			"pos": [250, -100],
			"selection": ["blur1"],
			"nodes": {
				"noise1": {
					"pos": [150, 50]
				},
				"antialiasing1": {
					"pos": [150, -200]
				},
				"blur1": {
					"pos": [150, -100]
				}
			}
		}
	}
}
