{
	"multiple_panel": {
		"split_ratio": 0.21390077298280424,
		"split_panel0": {
			"panelTypes": ["viewer"],
			"currentPanelIndex": 0,
			"panel_data": {
				"camera": "/orthographicCamera1",
				"isViewerInitLayoutData": true,
				"linkIndex": 1,
				"overlayedNetwork": {
					"allowed": false,
					"displayed": true
				}
			}
		},
		"split_panel1": {
			"split_ratio": 0.4617564111547085,
			"split_panel0": {
				"panelTypes": ["network", "params", "viewer", "paramsStack"],
				"currentPanelIndex": 1,
				"panel_data": {
					"active_folder": 164,
					"linkIndex": 1
				}
			},
			"split_panel1": {
				"panelTypes": ["network"],
				"currentPanelIndex": 0,
				"panel_data": {
					"camera": {
						"position": {
							"x": -265.51696333185845,
							"y": 120.79726669002943
						},
						"zoom": 1.3122000000000031
					},
					"history": {
						"2": {
							"position": {
								"x": -265.51696333185845,
								"y": 120.79726669002943
							},
							"zoom": 1.3122000000000031
						},
						"83": {
							"position": {
								"x": -71.28090588472952,
								"y": -154.99772769730785
							},
							"zoom": 0.5080684781658041
						},
						"158": {
							"position": {
								"x": 751.3910808252924,
								"y": -149.78276239383862
							},
							"zoom": 0.7402737005972971
						},
						"233": {
							"position": {
								"x": -56.52659795388344,
								"y": -371.74312048365846
							},
							"zoom": 0.7402737005972971
						},
						"308": {
							"position": {
								"x": 41.39688130949622,
								"y": -197.4355572866978
							},
							"zoom": 1.0628820000000008
						},
						"383": {
							"position": {
								"x": -281.6273735359146,
								"y": -162.6569705568489
							},
							"zoom": 1.0634831222511583
						},
						"506": {
							"position": {
								"x": -291.6833818761377,
								"y": -40.14329327455275
							},
							"zoom": 1.3122000000000074
						},
						"514": {
							"position": {
								"x": 598.5873060424141,
								"y": -507.81894308083025
							},
							"zoom": 0.41178226418929836
						},
						"516": {
							"position": {
								"x": -380.1530154325045,
								"y": -48.980229792195374
							},
							"zoom": 0.6276211921800035
						},
						"650": {
							"position": {
								"x": 715.7214438585279,
								"y": -81.61597266935316
							},
							"zoom": 0.6276211921800033
						},
						"970": {
							"position": {
								"x": 250,
								"y": -100
							},
							"zoom": 0.5996216974838109
						},
						"973": {
							"position": {
								"x": -391.99726083190546,
								"y": -365.86956917863404
							},
							"zoom": 0.8225263339969973
						},
						"1038": {
							"position": {
								"x": 250,
								"y": -100
							},
							"zoom": 0.7402737005972971
						},
						"1275": {
							"position": {
								"x": 0,
								"y": 0
							},
							"zoom": 0.7402737005972971
						},
						"1549": {
							"position": {
								"x": 157.28146394535634,
								"y": -230.13485134230132
							},
							"zoom": 1.062882000000002
						},
						"1762": {
							"position": {
								"x": -213.7494269071048,
								"y": -31.693134516112494
							},
							"zoom": 0.6276211921800015
						},
						"1875": {
							"position": {
								"x": -44.63848157690537,
								"y": 48.3394003709687
							},
							"zoom": 1.3122000000000031
						},
						"2087": {
							"position": {
								"x": -79.27189799964101,
								"y": -79.5804505531514
							},
							"zoom": 0.7748409780000032
						}
					},
					"paramsDisplayed": false,
					"linkIndex": 1
				}
			},
			"split_mode": "horizontal"
		},
		"split_mode": "horizontal"
	},
	"currentNodes": ["/", "/", "/", "/", "/", "/", "/", "/"],
	"navigationHistory": {
		"nodePaths": {
			"1": [
				"/postProcessNetwork1",
				"/",
				"/eyes",
				"/",
				"/postProcessNetwork1",
				"/",
				"/eyes",
				"/",
				"/postProcessNetwork1",
				"/",
				"/glass",
				"/glass/MAT",
				"/glass",
				"/",
				"/postProcessNetwork1",
				"/",
				"/postProcessNetwork1",
				"/",
				"/postProcessNetwork1",
				"/"
			],
			"2": ["/"],
			"3": ["/"],
			"4": ["/"],
			"5": ["/"],
			"6": ["/"],
			"7": ["/"],
			"8": ["/"]
		},
		"index": {
			"1": 19,
			"2": 0,
			"3": 0,
			"4": 0,
			"5": 0,
			"6": 0,
			"7": 0,
			"8": 0
		}
	},
	"fullscreenPanelId": null,
	"saveOptions": {
		"checkRemoteAssetsUse": true,
		"minimizeFilesCount": false
	},
	"paramsModal": []
}
