{
	"type": "geo",
	"nodes": {
		"copy1": {
			"type": "copy",
			"inputs": ["transform1", "plane1"]
		},
		"plane1": {
			"type": "plane",
			"params": {
				"size": [46, 16],
				"segments": [5, 5],
				"center": [0, -0.4, 0]
			}
		},
		"transform1": {
			"type": "transform",
			"params": {
				"group": "*",
				"r": [90, 0, 0]
			},
			"inputs": ["sphere1"]
		},
		"material1": {
			"type": "material",
			"params": {
				"material": "../MAT/meshStandardBuilder1"
			},
			"inputs": ["copy1"]
		},
		"sphere1": {
			"type": "sphere",
			"params": {
				"radius": "ch(\"../plane1/stepSize\")/2",
				"resolution": [15, 15],
				"open": "false"
			}
		},
		"attribId1": {
			"type": "attribId",
			"params": {
				"idn": "true"
			},
			"inputs": ["plane1"]
		}
	},
	"params": {
		"CADLinearTolerance": {
			"overriden_options": {
				"callback": "{}"
			}
		},
		"CADAngularTolerance": {
			"overriden_options": {
				"callback": "{}"
			}
		},
		"CADCurveAbscissa": {
			"overriden_options": {
				"callback": "{}"
			}
		},
		"CADCurveTolerance": {
			"overriden_options": {
				"callback": "{}"
			}
		},
		"CADDisplayEdges": {
			"overriden_options": {
				"callback": "{}"
			}
		},
		"CADEdgesColor": {
			"overriden_options": {
				"callback": "{}"
			}
		},
		"CADDisplayMeshes": {
			"overriden_options": {
				"callback": "{}"
			}
		},
		"CADMeshesColor": {
			"overriden_options": {
				"callback": "{}"
			}
		},
		"CADWireframe": {
			"overriden_options": {
				"callback": "{}"
			}
		},
		"CSGFacetAngle": {
			"overriden_options": {
				"callback": "{}"
			}
		},
		"CSGLinesColor": {
			"overriden_options": {
				"callback": "{}"
			}
		},
		"CSGMeshesColor": {
			"overriden_options": {
				"callback": "{}"
			}
		},
		"CSGWireframe": {
			"overriden_options": {
				"callback": "{}"
			}
		},
		"QUADTriangles": {
			"overriden_options": {
				"callback": "{}"
			}
		},
		"QUADWireframe": {
			"overriden_options": {
				"callback": "{}"
			}
		},
		"TetScale": {
			"overriden_options": {
				"callback": "{}"
			}
		},
		"TetDisplayLines": {
			"overriden_options": {
				"callback": "{}"
			}
		},
		"TetDisplaySharedFaces": {
			"overriden_options": {
				"callback": "{}"
			}
		},
		"TetDisplayPoints": {
			"overriden_options": {
				"callback": "{}"
			}
		},
		"TetDisplayCenter": {
			"overriden_options": {
				"callback": "{}"
			}
		},
		"TetDisplaySphere": {
			"overriden_options": {
				"callback": "{}"
			}
		}
	},
	"flags": {
		"display": true
	}
}
