{
	"type": "geo",
	"nodes": {
		"text1": {
			"type": "text",
			"params": {
				"font": "models/helvetiker_bold.typeface.json?timestamp=1703447066505",
				"text": "New \nSite \nComing \nSoon",
				"segments": 4,
				"lineHeight": 0.85
			}
		},
		"transform1": {
			"type": "transform",
			"params": {
				"t": [-2.5608840703881386, 0, -5.215813231485901],
				"r": [-90, 0, 0],
				"scale": 1.48
			},
			"inputs": ["text1"]
		},
		"material1": {
			"type": "material",
			"params": {
				"material": "../MAT/meshStandard1"
			},
			"inputs": ["transform1"],
			"flags": {
				"display": true
			}
		}
	},
	"params": {
		"t": [-1.1682266009852207, 0, 0],
		"CADLinearTolerance": {
			"overriden_options": {
				"callback": "{}"
			}
		},
		"CADAngularTolerance": {
			"overriden_options": {
				"callback": "{}"
			}
		},
		"CADCurveAbscissa": {
			"overriden_options": {
				"callback": "{}"
			}
		},
		"CADCurveTolerance": {
			"overriden_options": {
				"callback": "{}"
			}
		},
		"CADDisplayEdges": {
			"overriden_options": {
				"callback": "{}"
			}
		},
		"CADEdgesColor": {
			"overriden_options": {
				"callback": "{}"
			}
		},
		"CADDisplayMeshes": {
			"overriden_options": {
				"callback": "{}"
			}
		},
		"CADMeshesColor": {
			"overriden_options": {
				"callback": "{}"
			}
		},
		"CADWireframe": {
			"overriden_options": {
				"callback": "{}"
			}
		},
		"CSGFacetAngle": {
			"overriden_options": {
				"callback": "{}"
			}
		},
		"CSGLinesColor": {
			"overriden_options": {
				"callback": "{}"
			}
		},
		"CSGMeshesColor": {
			"overriden_options": {
				"callback": "{}"
			}
		},
		"CSGWireframe": {
			"overriden_options": {
				"callback": "{}"
			}
		},
		"QUADTriangles": {
			"overriden_options": {
				"callback": "{}"
			}
		},
		"QUADWireframe": {
			"overriden_options": {
				"callback": "{}"
			}
		},
		"TetScale": {
			"overriden_options": {
				"callback": "{}"
			}
		},
		"TetDisplayLines": {
			"overriden_options": {
				"callback": "{}"
			}
		},
		"TetDisplaySharedFaces": {
			"overriden_options": {
				"callback": "{}"
			}
		},
		"TetDisplayPoints": {
			"overriden_options": {
				"callback": "{}"
			}
		},
		"TetDisplayCenter": {
			"overriden_options": {
				"callback": "{}"
			}
		},
		"TetDisplaySphere": {
			"overriden_options": {
				"callback": "{}"
			}
		}
	},
	"flags": {
		"display": false
	}
}
