{
	"type": "meshPhysicalBuilder",
	"nodes": {
		"globals1": {
			"type": "globals"
		},
		"output1": {
			"type": "output",
			"inputs": [
				null,
				null,
				null,
				null,
				null,
				null,
				{
					"index": 6,
					"inputName": "roughness",
					"node": "fitFrom01_1",
					"output": "val"
				}
			]
		},
		"multAdd1": {
			"type": "multAdd",
			"params": {
				"value": {
					"type": "float",
					"default_value": 0,
					"options": {
						"spare": true,
						"editable": false,
						"computeOnDirty": true,
						"dependentOnFoundParam": false
					}
				},
				"preAdd": {
					"type": "float",
					"default_value": 0,
					"options": {
						"spare": true,
						"editable": true,
						"computeOnDirty": true,
						"dependentOnFoundParam": false
					}
				},
				"mult": {
					"type": "float",
					"default_value": 1,
					"options": {
						"spare": true,
						"editable": true,
						"computeOnDirty": true,
						"dependentOnFoundParam": false
					},
					"raw_input": 0.26
				},
				"postAdd": {
					"type": "float",
					"default_value": 0,
					"options": {
						"spare": true,
						"editable": false,
						"computeOnDirty": true,
						"dependentOnFoundParam": false
					},
					"raw_input": 0.64
				}
			},
			"inputs": [
				{
					"index": 0,
					"inputName": "value",
					"node": "vec2ToFloat1",
					"output": "x"
				},
				null,
				null,
				{
					"index": 3,
					"inputName": "postAdd",
					"node": "fitTo01_1",
					"output": "val"
				}
			],
			"connection_points": {
				"in": [
					{
						"name": "value",
						"type": "float"
					},
					{
						"name": "preAdd",
						"type": "float"
					},
					{
						"name": "mult",
						"type": "float"
					},
					{
						"name": "postAdd",
						"type": "float"
					}
				],
				"out": [
					{
						"name": "val",
						"type": "float"
					}
				]
			}
		},
		"mod1": {
			"type": "mod",
			"params": {
				"in0": {
					"type": "float",
					"default_value": 0,
					"options": {
						"spare": true,
						"editable": false,
						"computeOnDirty": true,
						"dependentOnFoundParam": false
					}
				},
				"in1": {
					"type": "float",
					"default_value": 1,
					"options": {
						"spare": true,
						"editable": true,
						"computeOnDirty": true,
						"dependentOnFoundParam": false
					}
				}
			},
			"inputs": [
				{
					"index": 0,
					"inputName": "in0",
					"node": "multAdd1",
					"output": "val"
				}
			],
			"connection_points": {
				"in": [
					{
						"name": "in0",
						"type": "float"
					},
					{
						"name": "in1",
						"type": "float"
					}
				],
				"out": [
					{
						"name": "val",
						"type": "float"
					}
				]
			}
		},
		"ramp1": {
			"type": "ramp",
			"params": {
				"input": {
					"overriden_options": {}
				}
			},
			"inputs": [
				{
					"index": 0,
					"inputName": "input",
					"node": "mod1",
					"output": "val"
				}
			]
		},
		"vec2ToFloat1": {
			"type": "vec2ToFloat",
			"params": {
				"vec": {
					"overriden_options": {}
				}
			},
			"inputs": [
				{
					"index": 0,
					"inputName": "vec",
					"node": "globals1",
					"output": "uv"
				}
			]
		},
		"fitFrom01_1": {
			"type": "fitFrom01",
			"params": {
				"val": {
					"type": "float",
					"default_value": 0,
					"options": {
						"spare": true,
						"editable": false,
						"computeOnDirty": true,
						"dependentOnFoundParam": false
					}
				},
				"destMin": {
					"type": "float",
					"default_value": 0,
					"options": {
						"spare": true,
						"editable": true,
						"computeOnDirty": true,
						"dependentOnFoundParam": false
					}
				},
				"destMax": {
					"type": "float",
					"default_value": 1,
					"options": {
						"spare": true,
						"editable": true,
						"computeOnDirty": true,
						"dependentOnFoundParam": false
					},
					"raw_input": 0.47
				}
			},
			"inputs": [
				{
					"index": 0,
					"inputName": "val",
					"node": "ramp1",
					"output": "val"
				}
			],
			"connection_points": {
				"in": [
					{
						"name": "val",
						"type": "float"
					},
					{
						"name": "destMin",
						"type": "float"
					},
					{
						"name": "destMax",
						"type": "float"
					}
				],
				"out": [
					{
						"name": "val",
						"type": "float"
					}
				]
			}
		},
		"mult1": {
			"type": "mult",
			"params": {
				"mult0": {
					"type": "float",
					"default_value": 1,
					"options": {
						"spare": true,
						"editable": false,
						"computeOnDirty": true,
						"dependentOnFoundParam": false
					}
				},
				"mult1": {
					"type": "float",
					"default_value": 1,
					"options": {
						"spare": true,
						"editable": true,
						"computeOnDirty": true,
						"dependentOnFoundParam": false
					},
					"raw_input": 0.01
				}
			},
			"inputs": [
				{
					"index": 0,
					"inputName": "mult0",
					"node": "globals1",
					"output": "time"
				}
			],
			"connection_points": {
				"in": [
					{
						"name": "mult0",
						"type": "float"
					},
					{
						"name": "mult1",
						"type": "float"
					}
				],
				"out": [
					{
						"name": "product",
						"type": "float"
					}
				]
			}
		},
		"noise1": {
			"type": "noise",
			"params": {
				"type": 0,
				"outputType": 1,
				"amp": {
					"type": "float",
					"default_value": 1,
					"options": {
						"spare": true,
						"editable": true,
						"computeOnDirty": true,
						"dependentOnFoundParam": false
					},
					"raw_input": 20
				},
				"position": {
					"type": "vector2",
					"default_value": [0, 0],
					"options": {
						"spare": true,
						"editable": false,
						"computeOnDirty": true,
						"dependentOnFoundParam": false
					}
				},
				"freq": {
					"type": "vector2",
					"default_value": [1, 1],
					"options": {
						"spare": true,
						"editable": true,
						"computeOnDirty": true,
						"dependentOnFoundParam": false
					},
					"raw_input": [0.09999999999999998, 0.09999999999999998]
				},
				"offset": {
					"type": "vector2",
					"default_value": [0, 0],
					"options": {
						"spare": true,
						"editable": false,
						"computeOnDirty": true,
						"dependentOnFoundParam": false
					}
				}
			},
			"maxInputsCount": 4,
			"inputs": [
				null,
				{
					"index": 1,
					"inputName": "position",
					"node": "mult2",
					"output": "product"
				},
				null,
				{
					"index": 3,
					"inputName": "offset",
					"node": "floatToVec2_1",
					"output": "vec2"
				}
			],
			"connection_points": {
				"in": [
					{
						"name": "amp",
						"type": "float"
					},
					{
						"name": "position",
						"type": "vec2"
					},
					{
						"name": "freq",
						"type": "vec2"
					},
					{
						"name": "offset",
						"type": "vec2"
					}
				],
				"out": [
					{
						"name": "noise",
						"type": "float"
					}
				]
			}
		},
		"fitTo01_1": {
			"type": "fitTo01",
			"params": {
				"val": {
					"type": "float",
					"default_value": 0,
					"options": {
						"spare": true,
						"editable": false,
						"computeOnDirty": true,
						"dependentOnFoundParam": false
					}
				},
				"srcMin": {
					"type": "float",
					"default_value": 0,
					"options": {
						"spare": true,
						"editable": true,
						"computeOnDirty": true,
						"dependentOnFoundParam": false
					},
					"raw_input": -1
				},
				"srcMax": {
					"type": "float",
					"default_value": 1,
					"options": {
						"spare": true,
						"editable": true,
						"computeOnDirty": true,
						"dependentOnFoundParam": false
					}
				}
			},
			"inputs": [
				{
					"index": 0,
					"inputName": "val",
					"node": "noise1",
					"output": "noise"
				}
			],
			"connection_points": {
				"in": [
					{
						"name": "val",
						"type": "float"
					},
					{
						"name": "srcMin",
						"type": "float"
					},
					{
						"name": "srcMax",
						"type": "float"
					}
				],
				"out": [
					{
						"name": "val",
						"type": "float"
					}
				]
			}
		},
		"mult2": {
			"type": "mult",
			"params": {
				"mult0": {
					"type": "vector2",
					"default_value": [1, 1],
					"options": {
						"spare": true,
						"editable": false,
						"computeOnDirty": true,
						"dependentOnFoundParam": false
					}
				},
				"mult1": {
					"type": "vector2",
					"default_value": [1, 1],
					"options": {
						"spare": true,
						"editable": true,
						"computeOnDirty": true,
						"dependentOnFoundParam": false
					},
					"raw_input": [1, 0]
				}
			},
			"inputs": [
				{
					"index": 0,
					"inputName": "mult0",
					"node": "globals1",
					"output": "uv"
				}
			],
			"connection_points": {
				"in": [
					{
						"name": "mult0",
						"type": "vec2"
					},
					{
						"name": "mult1",
						"type": "vec2"
					}
				],
				"out": [
					{
						"name": "product",
						"type": "vec2"
					}
				]
			}
		},
		"floatToVec2_1": {
			"type": "floatToVec2",
			"params": {
				"x": {
					"overriden_options": {}
				},
				"y": {
					"overriden_options": {}
				}
			},
			"inputs": [
				{
					"index": 0,
					"inputName": "x",
					"node": "mult1",
					"output": "product"
				}
			]
		}
	},
	"params": {
		"transmission": 1,
		"ramp1": {
			"type": "ramp",
			"default_value": {
				"interpolation": "cubic",
				"points": [
					{
						"position": 0,
						"value": 0
					},
					{
						"position": 1,
						"value": 1
					}
				]
			},
			"options": {
				"spare": true,
				"computeOnDirty": true,
				"cook": false,
				"dependentOnFoundNode": true
			},
			"raw_input": {
				"interpolation": "cubic",
				"points": [
					{
						"position": 0,
						"value": 0
					},
					{
						"position": 0.5008638719650815,
						"value": 0.95
					},
					{
						"position": 1,
						"value": 0
					}
				]
			},
			"overriden_options": {
				"callback": "{}"
			}
		}
	},
	"persisted_config": {
		"material": {
			"metadata": {
				"version": 4.6,
				"type": "Material",
				"generator": "Material.toJSON"
			},
			"uuid": "/glass/MAT/meshPhysicalBuilder1-main",
			"type": "MeshPhysicalMaterial",
			"color": 16777215,
			"roughness": 1,
			"metalness": 0,
			"sheen": 0,
			"sheenColor": 0,
			"sheenRoughness": 1,
			"emissive": 0,
			"specularIntensity": 1,
			"specularColor": 16777215,
			"clearcoat": 0,
			"clearcoatRoughness": 0,
			"iridescence": 0,
			"iridescenceIOR": 1.3,
			"iridescenceThicknessRange": [100, 400],
			"anisotropy": 0,
			"anisotropyRotation": 0,
			"envMapIntensity": 1,
			"reflectivity": 0.49999999999999983,
			"transmission": 1,
			"thickness": 0.01,
			"attenuationDistance": 100,
			"attenuationColor": 16777215,
			"blendColor": 0,
			"forceSinglePass": true,
			"fog": false
		},
		"onBeforeCompileDataJSONWithoutShaders": {
			"paramConfigs": [
				{
					"type": "ramp",
					"name": "ramp1",
					"defaultValue": {
						"interpolation": "cubic",
						"points": [
							{
								"position": 0,
								"value": 0
							},
							{
								"position": 1,
								"value": 1
							}
						]
					},
					"uniformName": "v_POLY_ramp_ramp1"
				}
			],
			"timeDependent": true,
			"resolutionDependent": false,
			"raymarchingLightsWorldCoordsDependent": false
		},
		"customMaterials": {
			"customDepthMaterial": {
				"material": {
					"metadata": {
						"version": 4.6,
						"type": "Material",
						"generator": "Material.toJSON"
					},
					"uuid": "/glass/MAT/meshPhysicalBuilder1-customDepthMaterial",
					"type": "MeshDepthMaterial",
					"name": "customDepthMaterial",
					"blendColor": 0,
					"forceSinglePass": true,
					"depthPacking": 3201
				},
				"onBeforeCompileDataJSONWithoutShaders": {
					"paramConfigs": [
						{
							"type": "ramp",
							"name": "ramp1",
							"defaultValue": {
								"interpolation": "cubic",
								"points": [
									{
										"position": 0,
										"value": 0
									},
									{
										"position": 1,
										"value": 1
									}
								]
							},
							"uniformName": "v_POLY_ramp_ramp1"
						}
					],
					"timeDependent": true,
					"resolutionDependent": false,
					"raymarchingLightsWorldCoordsDependent": false
				}
			},
			"customDistanceMaterial": {
				"material": {
					"metadata": {
						"version": 4.6,
						"type": "Material",
						"generator": "Material.toJSON"
					},
					"uuid": "/glass/MAT/meshPhysicalBuilder1-customDistanceMaterial",
					"type": "MeshDistanceMaterial",
					"name": "customDistanceMaterial",
					"blendColor": 0,
					"forceSinglePass": true
				},
				"onBeforeCompileDataJSONWithoutShaders": {
					"paramConfigs": [
						{
							"type": "ramp",
							"name": "ramp1",
							"defaultValue": {
								"interpolation": "cubic",
								"points": [
									{
										"position": 0,
										"value": 0
									},
									{
										"position": 1,
										"value": 1
									}
								]
							},
							"uniformName": "v_POLY_ramp_ramp1"
						}
					],
					"timeDependent": true,
					"resolutionDependent": false,
					"raymarchingLightsWorldCoordsDependent": false
				}
			},
			"customDepthDOFMaterial": {
				"material": {
					"metadata": {
						"version": 4.6,
						"type": "Material",
						"generator": "Material.toJSON"
					},
					"uuid": "/glass/MAT/meshPhysicalBuilder1-customDepthDOFMaterial",
					"type": "MeshDepthMaterial",
					"name": "customDepthDOFMaterial",
					"blendColor": 0,
					"forceSinglePass": true,
					"depthPacking": 3200
				},
				"onBeforeCompileDataJSONWithoutShaders": {
					"paramConfigs": [
						{
							"type": "ramp",
							"name": "ramp1",
							"defaultValue": {
								"interpolation": "cubic",
								"points": [
									{
										"position": 0,
										"value": 0
									},
									{
										"position": 1,
										"value": 1
									}
								]
							},
							"uniformName": "v_POLY_ramp_ramp1"
						}
					],
					"timeDependent": true,
					"resolutionDependent": false,
					"raymarchingLightsWorldCoordsDependent": false
				}
			}
		}
	}
}
